<?xml version="1.0" encoding="UTF-8"?>
<referentiel>
 <name>C2iN1 - Univ-Nantes 2010 / 2011</name>
 <code_referentiel>C2iN1</code_referentiel>
 <description_referentiel>
<text>Certificat Informatique et Internet niveau 1 - Version 2010 / 2011 - Université de Nantes – CEVU 2009</text>
</description_referentiel>
 <url_referentiel></url_referentiel>
 <seuil_certificat>0</seuil_certificat>
 <timemodified>1295964452</timemodified>
 <nb_domaines>5</nb_domaines>
 <liste_codes_competence>C2i_D1.1.1/C2i_D1.2.1/C2i_D1.3.1/C2i_D1.4.1/C2i_D2.1.1/C2i_D2.2.1/C2i_D2.3.1/C2i_D2.4.1/C2i_D3.1.1/C2i_D3.1.2/C2i_D3.1.3/C2i_D3.2.1/C2i_D3.2.2/C2i_D3.3.1/C2i_D3.3.2/C2i_D3.4.1/C2i_D3.4.2/C2i_D3.4.3/C2i_D3.5.1/C2i_D4.1.1/C2i_D4.2.1/C2i_D4.3.1/C2i_D4.4.1/C2i_D5.1.1/C2i_D5.2.1/C2i_D5.3.1/</liste_codes_competence>
 <liste_empreintes_competence>1/1/1/1/1/1/1/1/1/1/1/1/1/1/1/1/1/1/1/1/1/1/1/1/1/1/</liste_empreintes_competence>
 <domaine>
  <code_domaine>C2i_D1</code_domaine>
  <description_domaine>
<text>Travailler dans un environnement numérique</text>
</description_domaine>
  <num_domaine>1</num_domaine>
  <nb_competences>4</nb_competences>

  <competence>
   <code_competence>C2i_D1.1</code_competence>
   <description_competence>
<text>Organiser un espace de travail complexe</text>
</description_competence>
   <num_competence>1</num_competence>
   <nb_item_competences>1</nb_item_competences>

   <item>
    <code>C2i_D1.1.1</code>
    <description_item>
<text>Savoir structurer une arborescence de dossiers et retrouver un fichier (B1)</text>
</description_item>
    <type_item></type_item>
    <poids_item>1</poids_item>
    <empreinte_item>1</empreinte_item>
    <num_item>1</num_item>
   </item>

  </competence>

  <competence>
   <code_competence>C2i_D1.2</code_competence>
   <description_competence>
<text>Sécuriser son espace de travail local et distant</text>
</description_competence>
   <num_competence>2</num_competence>
   <nb_item_competences>1</nb_item_competences>

   <item>
    <code>C2i_D1.2.1</code>
    <description_item>
<text>Savoir sécuriser son espace de travail local et distant</text>
</description_item>
    <type_item></type_item>
    <poids_item>1</poids_item>
    <empreinte_item>1</empreinte_item>
    <num_item>1</num_item>
   </item>

  </competence>

  <competence>
   <code_competence>C2i_D1.3</code_competence>
   <description_competence>
<text>Tenir compte des enjeux de l’interopérabilité</text>
</description_competence>
   <num_competence>3</num_competence>
   <nb_item_competences>1</nb_item_competences>

   <item>
    <code>C2i_D1.3.1</code>
    <description_item>
<text>Savoir utiliser les formats les plus adaptés à l\'échange d\'informations (B1)</text>
</description_item>
    <type_item></type_item>
    <poids_item>1</poids_item>
    <empreinte_item>1</empreinte_item>
    <num_item>1</num_item>
   </item>

  </competence>

  <competence>
   <code_competence>C2i_D1.4</code_competence>
   <description_competence>
<text>Pérenniser ses données</text>
</description_competence>
   <num_competence>4</num_competence>
   <nb_item_competences>1</nb_item_competences>

   <item>
    <code>C2i_D1.4.1</code>
    <description_item>
<text>Savoir créer et extraire une archive avec ou sans compression et la sauvegarder sur un serveur (B3)</text>
</description_item>
    <type_item></type_item>
    <poids_item>1</poids_item>
    <empreinte_item>1</empreinte_item>
    <num_item>1</num_item>
   </item>

  </competence>

 </domaine>

 <domaine>
  <code_domaine>C2i_D2</code_domaine>
  <description_domaine>
<text>Être responsable à l’ère du numérique</text>
</description_domaine>
  <num_domaine>2</num_domaine>
  <nb_competences>4</nb_competences>

  <competence>
   <code_competence>C2i_D2.1</code_competence>
   <description_competence>
<text>Maîtriser son identité numérique privée, institutionnelle et professionnelle</text>
</description_competence>
   <num_competence>1</num_competence>
   <nb_item_competences>1</nb_item_competences>

   <item>
    <code>C2i_D2.1.1</code>
    <description_item>
<text>Maitriser son identité numérique (A2)</text>
</description_item>
    <type_item></type_item>
    <poids_item>1</poids_item>
    <empreinte_item>1</empreinte_item>
    <num_item>1</num_item>
   </item>

  </competence>

  <competence>
   <code_competence>C2i_D2.2</code_competence>
   <description_competence>
<text>Veiller à la protection de la vie privée et des données à caractère personnel</text>
</description_competence>
   <num_competence>2</num_competence>
   <nb_item_competences>1</nb_item_competences>

   <item>
    <code>C2i_D2.2.1</code>
    <description_item>
<text>Savoir protéger la confidentialité des données à caractère personnel (A2)</text>
</description_item>
    <type_item></type_item>
    <poids_item>1</poids_item>
    <empreinte_item>1</empreinte_item>
    <num_item>1</num_item>
   </item>

  </competence>

  <competence>
   <code_competence>C2i_D2.3</code_competence>
   <description_competence>
<text>Être responsable face aux réglementations concernant l\'utilisation de ressources numériques</text>
</description_competence>
   <num_competence>3</num_competence>
   <nb_item_competences>1</nb_item_competences>

   <item>
    <code>C2i_D2.3.1</code>
    <description_item>
<text>Savoir sous quelles conditions, un document trouvé sur le web, peut être utilisé dans le respect du droit d\'auteur (A2)</text>
</description_item>
    <type_item></type_item>
    <poids_item>1</poids_item>
    <empreinte_item>1</empreinte_item>
    <num_item>1</num_item>
   </item>

  </competence>

  <competence>
   <code_competence>C2i_D2.4</code_competence>
   <description_competence>
<text>Adopter les règles en vigueur et se conformer au bon usage du numérique</text>
</description_competence>
   <num_competence>4</num_competence>
   <nb_item_competences>1</nb_item_competences>

   <item>
    <code>C2i_D2.4.1</code>
    <description_item>
<text>Adopter les règles en vigueur et se conformer au bon usage du numérique</text>
</description_item>
    <type_item></type_item>
    <poids_item>1</poids_item>
    <empreinte_item>1</empreinte_item>
    <num_item>1</num_item>
   </item>

  </competence>

 </domaine>

 <domaine>
  <code_domaine>C2i_D3</code_domaine>
  <description_domaine>
<text>Produire, traiter, exploiter et diffuser des documents numériques</text>
</description_domaine>
  <num_domaine>3</num_domaine>
  <nb_competences>5</nb_competences>

  <competence>
   <code_competence>C2i_D3.1</code_competence>
   <description_competence>
<text>Structurer et mettre en forme un document</text>
</description_competence>
   <num_competence>1</num_competence>
   <nb_item_competences>3</nb_item_competences>

   <item>
    <code>C2i_D3.1.1</code>
    <description_item>
<text>Savoir utiliser et distinguer les attributs typographiques de caractère, de paragraphe et de page, dans un traitement de texte B4</text>
</description_item>
    <type_item></type_item>
    <poids_item>1</poids_item>
    <empreinte_item>1</empreinte_item>
    <num_item>1</num_item>
   </item>

   <item>
    <code>C2i_D3.1.2</code>
    <description_item>
<text>Savoir utiliser et modifier un style de texte dans un traitement de texte (B4)</text>
</description_item>
    <type_item></type_item>
    <poids_item>1</poids_item>
    <empreinte_item>1</empreinte_item>
    <num_item>2</num_item>
   </item>

   <item>
    <code>C2i_D3.1.3</code>
    <description_item>
<text>Savoir utiliser le masque pour définir l\'apparence globale d\'un diaporama (B5)</text>
</description_item>
    <type_item></type_item>
    <poids_item>1</poids_item>
    <empreinte_item>1</empreinte_item>
    <num_item>3</num_item>
   </item>

  </competence>

  <competence>
   <code_competence>C2i_D3.2</code_competence>
   <description_competence>
<text>Insérer des informations générées automatiquement</text>
</description_competence>
   <num_competence>2</num_competence>
   <nb_item_competences>2</nb_item_competences>

   <item>
    <code>C2i_D3.2.1</code>
    <description_item>
<text>Savoir générer automatiquement la table des matières dans un document texte structuré (B4)</text>
</description_item>
    <type_item></type_item>
    <poids_item>1</poids_item>
    <empreinte_item>1</empreinte_item>
    <num_item>1</num_item>
   </item>

   <item>
    <code>C2i_D3.2.2</code>
    <description_item>
<text>Savoir mettre en place des références internes dans un document texte et gérer une bibliographie (B4)</text>
</description_item>
    <type_item></type_item>
    <poids_item>1</poids_item>
    <empreinte_item>1</empreinte_item>
    <num_item>2</num_item>
   </item>

  </competence>

  <competence>
   <code_competence>C2i_D3.3</code_competence>
   <description_competence>
<text>Réaliser un document composite</text>
</description_competence>
   <num_competence>3</num_competence>
   <nb_item_competences>2</nb_item_competences>

   <item>
    <code>C2i_D3.3.1</code>
    <description_item>
<text>Savoir intégrer et adapter des images à un document texte (B4)</text>
</description_item>
    <type_item></type_item>
    <poids_item>1</poids_item>
    <empreinte_item>1</empreinte_item>
    <num_item>1</num_item>
   </item>

   <item>
    <code>C2i_D3.3.2</code>
    <description_item>
<text>Savoir insérer des images et des liens hypertexte dans une page web (B5)</text>
</description_item>
    <type_item></type_item>
    <poids_item>1</poids_item>
    <empreinte_item>1</empreinte_item>
    <num_item>2</num_item>
   </item>

  </competence>

  <competence>
   <code_competence>C2i_D3.4</code_competence>
   <description_competence>
<text>Exploiter des données dans des feuilles de calcul</text>
</description_competence>
   <num_competence>4</num_competence>
   <nb_item_competences>3</nb_item_competences>

   <item>
    <code>C2i_D3.4.1</code>
    <description_item>
<text>Savoir présenter différents types de données dans un tableau et le mettre en forme avec un tableur (B4)</text>
</description_item>
    <type_item></type_item>
    <poids_item>1</poids_item>
    <empreinte_item>1</empreinte_item>
    <num_item>1</num_item>
   </item>

   <item>
    <code>C2i_D3.4.2</code>
    <description_item>
<text>Savoir écrire et recopier des formules arithmétiques dans un tableur (B4)</text>
</description_item>
    <type_item></type_item>
    <poids_item>1</poids_item>
    <empreinte_item>1</empreinte_item>
    <num_item>2</num_item>
   </item>

   <item>
    <code>C2i_D3.4.3</code>
    <description_item>
<text>Savoir écrire des formules impliquant des plages de cellule (somme, moyenne) dans un tableur (B4)</text>
</description_item>
    <type_item></type_item>
    <poids_item>1</poids_item>
    <empreinte_item>1</empreinte_item>
    <num_item>3</num_item>
   </item>

  </competence>

  <competence>
   <code_competence>C2i_D3.5</code_competence>
   <description_competence>
<text>Préparer ou adapter un document pour le diffuser</text>
</description_competence>
   <num_competence>5</num_competence>
   <nb_item_competences>1</nb_item_competences>

   <item>
    <code>C2i_D3.5.1</code>
    <description_item>
<text>Savoir préparer ou adapter un document pour le diffuser</text>
</description_item>
    <type_item></type_item>
    <poids_item>1</poids_item>
    <empreinte_item>1</empreinte_item>
    <num_item>1</num_item>
   </item>

  </competence>

 </domaine>

 <domaine>
  <code_domaine>C2i_D4</code_domaine>
  <description_domaine>
<text>Organiser la recherche d\'informations à l\'ère du numérique</text>
</description_domaine>
  <num_domaine>4</num_domaine>
  <nb_competences>4</nb_competences>

  <competence>
   <code_competence>C2i_D4.1</code_competence>
   <description_competence>
<text>Rechercher de l’information avec une démarche adaptée</text>
</description_competence>
   <num_competence>1</num_competence>
   <nb_item_competences>1</nb_item_competences>

   <item>
    <code>C2i_D4.1.1</code>
    <description_item>
<text>Savoir rechercher de l’information avec une démarche adaptée</text>
</description_item>
    <type_item></type_item>
    <poids_item>1</poids_item>
    <empreinte_item>1</empreinte_item>
    <num_item>1</num_item>
   </item>

  </competence>

  <competence>
   <code_competence>C2i_D4.2</code_competence>
   <description_competence>
<text>Evaluer les résultats d’une recherche</text>
</description_competence>
   <num_competence>2</num_competence>
   <nb_item_competences>1</nb_item_competences>

   <item>
    <code>C2i_D4.2.1</code>
    <description_item>
<text>Savoir analyser la fiabilité de l\'information obtenue par une recherche sur le web (B2)</text>
</description_item>
    <type_item></type_item>
    <poids_item>1</poids_item>
    <empreinte_item>1</empreinte_item>
    <num_item>1</num_item>
   </item>

  </competence>

  <competence>
   <code_competence>C2i_D4.3</code_competence>
   <description_competence>
<text>Récupérer et référencer une ressource numérique en ligne</text>
</description_competence>
   <num_competence>3</num_competence>
   <nb_item_competences>1</nb_item_competences>

   <item>
    <code>C2i_D4.3.1</code>
    <description_item>
<text>Savoir référencer une ressource numérique en ligne (B2)</text>
</description_item>
    <type_item></type_item>
    <poids_item>1</poids_item>
    <empreinte_item>1</empreinte_item>
    <num_item>1</num_item>
   </item>

  </competence>

  <competence>
   <code_competence>C2i_D4.4</code_competence>
   <description_competence>
<text>Organiser une veille informationnelle</text>
</description_competence>
   <num_competence>4</num_competence>
   <nb_item_competences>1</nb_item_competences>

   <item>
    <code>C2i_D4.4.1</code>
    <description_item>
<text>Savoir organiser une veille informationnelle</text>
</description_item>
    <type_item></type_item>
    <poids_item>1</poids_item>
    <empreinte_item>1</empreinte_item>
    <num_item>1</num_item>
   </item>

  </competence>

 </domaine>

 <domaine>
  <code_domaine>C2i_D5</code_domaine>
  <description_domaine>
<text>Travailler en réseau, communiquer et collaborer</text>
</description_domaine>
  <num_domaine>5</num_domaine>
  <nb_competences>3</nb_competences>

  <competence>
   <code_competence>C2i_D5.1</code_competence>
   <description_competence>
<text>Communiquer avec un ou plusieurs interlocuteurs</text>
</description_competence>
   <num_competence>1</num_competence>
   <nb_item_competences>1</nb_item_competences>

   <item>
    <code>C2i_D5.1.1</code>
    <description_item>
<text>Savoir utiliser un client de messagerie électronique et/ou un webmail et filtrer le courrier électronique (B6)</text>
</description_item>
    <type_item></type_item>
    <poids_item>1</poids_item>
    <empreinte_item>1</empreinte_item>
    <num_item>1</num_item>
   </item>

  </competence>

  <competence>
   <code_competence>C2i_D5.2</code_competence>
   <description_competence>
<text>Participer à l’organisation de l’activité en ligne d’un groupe</text>
</description_competence>
   <num_competence>2</num_competence>
   <nb_item_competences>1</nb_item_competences>

   <item>
    <code>C2i_D5.2.1</code>
    <description_item>
<text>Savoir participer à l’organisation de l’activité en ligne d’un groupe</text>
</description_item>
    <type_item></type_item>
    <poids_item>1</poids_item>
    <empreinte_item>1</empreinte_item>
    <num_item>1</num_item>
   </item>

  </competence>

  <competence>
   <code_competence>C2i_D5.3</code_competence>
   <description_competence>
<text>Élaborer une production dans un contexte collaboratif</text>
</description_competence>
   <num_competence>3</num_competence>
   <nb_item_competences>1</nb_item_competences>

   <item>
    <code>C2i_D5.3.1</code>
    <description_item>
<text>Savoir gérer différentes versions d\'un même document et assurer le suivi des corrections (B7)</text>
</description_item>
    <type_item></type_item>
    <poids_item>1</poids_item>
    <empreinte_item>1</empreinte_item>
    <num_item>1</num_item>
   </item>

  </competence>

 </domaine>


</referentiel>

