<?xml version="1.0" encoding="UTF-8"?>
<referentiel>
 <name>Référentiel C2i2e - Version 2011</name>
 <code_referentiel>C2i2e-2011</code_referentiel>
 <description_referentiel>
<text>Certificat Informatique et Internet niveau 2 &quot;Enseignant&quot; version 2011</text>
</description_referentiel>
 <url_referentiel>http://www.enseignementsup-recherche.gouv.fr/pid20536/rubrique-bo.html?cid_bo=54844</url_referentiel>
 <seuil_certificat>0</seuil_certificat>
 <minima_certificat>23</minima_certificat>
 <timemodified>1339567531</timemodified>
 <nb_domaines>2</nb_domaines>
 <liste_codes_competence>A.1-1/A.1-2/A.1-3/A.1-4/A.1-5/A.2-1/A.2-2/A.2-3/A.3-1/A.3-2/A.3-3/A.3-4/B.1-1/B.1-2/B.1-3/B.2-1/B.2-2/B.2-3/B.2-4/B.2-5/B.3-1/B.3-2/B.3-3/B.3-4/B.3-5/B.4-1/B.4-2/B.4-3/</liste_codes_competence>
 <liste_empreintes_competence>1/1/1/1/1/1/1/1/1/1/1/1/1/1/1/1/1/1/1/1/1/1/1/1/1/1/1/1/</liste_empreintes_competence>
 <label_domaine_occurrence>Bloc</label_domaine_occurrence>
 <label_competence_occurrence>Domaine</label_competence_occurrence>
 <label_item_occurrence>Compétence</label_item_occurrence>
 <protocole>
  <p_seuil_referentiel>0</p_seuil_referentiel>
  <p_minima_referentiel>23</p_minima_referentiel>
  <p_domaines_oblig>
<text>A:0/B:0/</text>
</p_domaines_oblig>
  <p_seuils_domaines>
<text>A:0.0/B:0.0/</text>
</p_seuils_domaines>
  <p_minimas_domaines>
<text>A:0/B:0/</text>
</p_minimas_domaines>
  <p_competences_oblig>
<text>A.1:0/A.2:0/A.3:0/B.1:0/B.2:0/B.3:0/B.4:0/</text>
</p_competences_oblig>
  <p_seuils_competences>
<text>A.1:0.0/A.2:0.0/A.3:0.0/B.1:0.0/B.2:0.0/B.3:0.0/B.4:0.0/</text>
</p_seuils_competences>
  <p_minimas_competences>
<text>A.1:3/A.2:1/A.3:2/B.1:1/B.2:3/B.3:3/B.4:1/</text>
</p_minimas_competences>
  <p_items_oblig>
<text>A.1-1:0/A.1-2:0/A.1-3:0/A.1-4:0/A.1-5:0/A.2-1:0/A.2-2:0/A.2-3:0/A.3-1:0/A.3-2:0/A.3-3:0/A.3-4:0/B.1-1:0/B.1-2:0/B.1-3:0/B.2-1:0/B.2-2:0/B.2-3:0/B.2-4:0/B.2-5:0/B.3-1:0/B.3-2:0/B.3-3:0/B.3-4:0/B.3-5:0/B.4-1:0/B.4-2:0/B.4-3:0/</text>
</p_items_oblig>
  <p_timemodified>1333264033</p_timemodified>
  <p_actif>1</p_actif>
  <p_commentaire>
<text>Pas moins de 23 items validés en tout et pas plus de 2 items non validés par compétence.</text>
</p_commentaire>

 </protocole>

 <domaine>
  <code_domaine>A</code_domaine>
  <description_domaine>
<text>Compétences générales liées à l'exercice du métier.</text>
</description_domaine>
  <type_domaine>0</type_domaine>
  <seuil_domaine>0.0</seuil_domaine>
  <minima_domaine>0</minima_domaine>
  <num_domaine>1</num_domaine>
  <nb_competences>3</nb_competences>

  <competence>
   <code_competence>A.1</code_competence>
   <description_competence>
<text>Maîtrise de l'environnement numérique professionnel.</text>
</description_competence>
   <type_competence>0</type_competence>
   <seuil_competence>0.0</seuil_competence>
   <minima_competence>3</minima_competence>
   <num_competence>1</num_competence>
   <nb_item_competences>5</nb_item_competences>

   <item>
    <code>A.1-1</code>
    <description_item>
<text>Identifier les personnes ressources Tic et leurs rôles respectifs au niveau local, régional et national.</text>
</description_item>
    <type_item>0</type_item>
    <poids_item>1</poids_item>
    <empreinte_item>1</empreinte_item>
    <num_item>1</num_item>
   </item>

   <item>
    <code>A.1-2</code>
    <description_item>
<text>S'approprier différentes composantes informatiques (lieux, outils, ...) de son environnement professionnel.</text>
</description_item>
    <type_item>0</type_item>
    <poids_item>1</poids_item>
    <empreinte_item>1</empreinte_item>
    <num_item>2</num_item>
   </item>

   <item>
    <code>A.1-3</code>
    <description_item>
<text>Choisir et utiliser les ressources et services disponibles dans un espace numérique de travail (ENT).</text>
</description_item>
    <type_item>0</type_item>
    <poids_item>1</poids_item>
    <empreinte_item>1</empreinte_item>
    <num_item>3</num_item>
   </item>

   <item>
    <code>A.1-4</code>
    <description_item>
<text>Choisir et utiliser les outils les plus adaptés pour communiquer avec les acteurs et usagers du système éducatif.</text>
</description_item>
    <type_item>0</type_item>
    <poids_item>1</poids_item>
    <empreinte_item>1</empreinte_item>
    <num_item>4</num_item>
   </item>

   <item>
    <code>A.1-5</code>
    <description_item>
<text>Se constituer et organiser des ressources en utilisant des sources professionnelles.</text>
</description_item>
    <type_item>0</type_item>
    <poids_item>1</poids_item>
    <empreinte_item>1</empreinte_item>
    <num_item>5</num_item>
   </item>

  </competence>

  <competence>
   <code_competence>A.2</code_competence>
   <description_competence>
<text>Développement des compétences pour la formation tout au long de la vie</text>
</description_competence>
   <type_competence>0</type_competence>
   <seuil_competence>0.0</seuil_competence>
   <minima_competence>1</minima_competence>
   <num_competence>2</num_competence>
   <nb_item_competences>3</nb_item_competences>

   <item>
    <code>A.2-1</code>
    <description_item>
<text>Utiliser des ressources en ligne ou des dispositifs de formation à distance pour sa formation.</text>
</description_item>
    <type_item>0</type_item>
    <poids_item>1</poids_item>
    <empreinte_item>1</empreinte_item>
    <num_item>1</num_item>
   </item>

   <item>
    <code>A.2-2</code>
    <description_item>
<text>Se référer à des travaux de recherche liant savoirs, apprentissages et Tice.</text>
</description_item>
    <type_item>0</type_item>
    <poids_item>1</poids_item>
    <empreinte_item>1</empreinte_item>
    <num_item>2</num_item>
   </item>

   <item>
    <code>A.2-3</code>
    <description_item>
<text>Pratiquer une veille pédagogique, institutionnelle, scientifique à travers des réseaux d'échanges concernant son domaine, sa discipline, son niveau d'enseignement.</text>
</description_item>
    <type_item>0</type_item>
    <poids_item>1</poids_item>
    <empreinte_item>1</empreinte_item>
    <num_item>3</num_item>
   </item>

  </competence>

  <competence>
   <code_competence>A.3</code_competence>
   <description_competence>
<text>Responsabilité professionnelle dans le cadre du système éducatif</text>
</description_competence>
   <type_competence>0</type_competence>
   <seuil_competence>0.0</seuil_competence>
   <minima_competence>2</minima_competence>
   <num_competence>3</num_competence>
   <nb_item_competences>4</nb_item_competences>

   <item>
    <code>A.3-1</code>
    <description_item>
<text>S'exprimer et communiquer en s'adaptant aux différents destinataires et espaces de diffusion (institutionnel, public, privé, interne, externe, ...).</text>
</description_item>
    <type_item>0</type_item>
    <poids_item>1</poids_item>
    <empreinte_item>1</empreinte_item>
    <num_item>1</num_item>
   </item>

   <item>
    <code>A.3-2</code>
    <description_item>
<text>Prendre en compte les enjeux et respecter les règles concernant notamment : la recherche et les critères de contrôle de validité des informations ; la sécurité informatique ; le filtrage internet.</text>
</description_item>
    <type_item>0</type_item>
    <poids_item>1</poids_item>
    <empreinte_item>1</empreinte_item>
    <num_item>2</num_item>
   </item>

   <item>
    <code>A.3-3</code>
    <description_item>
<text>Prendre en compte les lois et les exigences d'une utilisation professionnelle des Tice concernant notamment : la protection des libertés individuelles et publiques ; la sécurité des personnes ; la protection des mineurs ; la confidentialité des données ; la propriété intellectuelle ; le droit à l'image.</text>
</description_item>
    <type_item>0</type_item>
    <poids_item>1</poids_item>
    <empreinte_item>1</empreinte_item>
    <num_item>3</num_item>
   </item>

   <item>
    <code>A.3-4</code>
    <description_item>
<text>Respecter et faire respecter la (les) charte(s) d'usage de l'établissement, notamment dans une perspective éducative d'apprentissage de la citoyenneté.</text>
</description_item>
    <type_item>0</type_item>
    <poids_item>1</poids_item>
    <empreinte_item>1</empreinte_item>
    <num_item>4</num_item>
   </item>

  </competence>

 </domaine>

 <domaine>
  <code_domaine>B</code_domaine>
  <description_domaine>
<text>Compétences nécessaires à l'intégration des TICE dans sa pratique</text>
</description_domaine>
  <type_domaine>0</type_domaine>
  <seuil_domaine>0.0</seuil_domaine>
  <minima_domaine>0</minima_domaine>
  <num_domaine>2</num_domaine>
  <nb_competences>4</nb_competences>

  <competence>
   <code_competence>B.1</code_competence>
   <description_competence>
<text>Travail en réseau avec l'utilisation des outils de travail collaboratif</text>
</description_competence>
   <type_competence>0</type_competence>
   <seuil_competence>0.0</seuil_competence>
   <minima_competence>1</minima_competence>
   <num_competence>1</num_competence>
   <nb_item_competences>3</nb_item_competences>

   <item>
    <code>B.1-1</code>
    <description_item>
<text>Rechercher, produire, indexer, partager et mutualiser des documents, des informations, des ressources dans un environnement numérique.</text>
</description_item>
    <type_item>0</type_item>
    <poids_item>1</poids_item>
    <empreinte_item>1</empreinte_item>
    <num_item>1</num_item>
   </item>

   <item>
    <code>B.1-2</code>
    <description_item>
<text>Contribuer à une production ou à un projet collectif au sein d'équipes disciplinaires, interdisciplinaires, transversales ou éducatives.</text>
</description_item>
    <type_item>0</type_item>
    <poids_item>1</poids_item>
    <empreinte_item>1</empreinte_item>
    <num_item>2</num_item>
   </item>

   <item>
    <code>B.1-3</code>
    <description_item>
<text>Organiser, coordonner et animer un travail en réseau au sein d'équipes disciplinaires, interdisciplinaires, transversales ou éducatives</text>
</description_item>
    <type_item>0</type_item>
    <poids_item>1</poids_item>
    <empreinte_item>1</empreinte_item>
    <num_item>3</num_item>
   </item>

  </competence>

  <competence>
   <code_competence>B.2</code_competence>
   <description_competence>
<text>Conception et préparation de contenus d'enseignement et de situations d'apprentissage</text>
</description_competence>
   <type_competence>0</type_competence>
   <seuil_competence>0.0</seuil_competence>
   <minima_competence>3</minima_competence>
   <num_competence>2</num_competence>
   <nb_item_competences>5</nb_item_competences>

   <item>
    <code>B.2-1</code>
    <description_item>
<text>Identifier les situations d'apprentissage propices à l'utilisation des Tice.</text>
</description_item>
    <type_item>0</type_item>
    <poids_item>1</poids_item>
    <empreinte_item>1</empreinte_item>
    <num_item>1</num_item>
   </item>

   <item>
    <code>B.2-2</code>
    <description_item>
<text>Concevoir des situations d'apprentissage et d'évaluation mettant en œuvre des logiciels généraux ou spécifiques à la discipline, au domaine et niveau d'enseignement.</text>
</description_item>
    <type_item>0</type_item>
    <poids_item>1</poids_item>
    <empreinte_item>1</empreinte_item>
    <num_item>2</num_item>
   </item>

   <item>
    <code>B.2-3</code>
    <description_item>
<text>Concevoir des situations d'apprentissage et d'évaluation mettant en œuvre des démarches de recherche d'information.</text>
</description_item>
    <type_item>0</type_item>
    <poids_item>1</poids_item>
    <empreinte_item>1</empreinte_item>
    <num_item>3</num_item>
   </item>

   <item>
    <code>B.2-4</code>
    <description_item>
<text>Préparer des ressources adaptées à la diversité des publics et des situations pédagogiques : en opérant des choix entre les supports et médias utilisables ; en respectant les règles de la communication.</text>
</description_item>
    <type_item>0</type_item>
    <poids_item>1</poids_item>
    <empreinte_item>1</empreinte_item>
    <num_item>4</num_item>
   </item>

   <item>
    <code>B.2-5</code>
    <description_item>
<text>Concevoir des situations ou dispositifs de formation introduisant de la mise à distance.</text>
</description_item>
    <type_item>0</type_item>
    <poids_item>1</poids_item>
    <empreinte_item>1</empreinte_item>
    <num_item>5</num_item>
   </item>

  </competence>

  <competence>
   <code_competence>B.3</code_competence>
   <description_competence>
<text>Mise en oeuvre pédagogique en présentiel et à distance</text>
</description_competence>
   <type_competence>0</type_competence>
   <seuil_competence>0.0</seuil_competence>
   <minima_competence>3</minima_competence>
   <num_competence>3</num_competence>
   <nb_item_competences>5</nb_item_competences>

   <item>
    <code>B.3-1</code>
    <description_item>
<text>Conduire des situations d'apprentissage diversifiées en tirant parti du potentiel des Tic (travail collectif, individualisé, en petits groupes).</text>
</description_item>
    <type_item>0</type_item>
    <poids_item>1</poids_item>
    <empreinte_item>1</empreinte_item>
    <num_item>1</num_item>
   </item>

   <item>
    <code>B.3-2</code>
    <description_item>
<text>Gérer l'alternance entre les activités utilisant les Tice et celles qui n'y ont pas recours.</text>
</description_item>
    <type_item>0</type_item>
    <poids_item>1</poids_item>
    <empreinte_item>1</empreinte_item>
    <num_item>2</num_item>
   </item>

   <item>
    <code>B.3-3</code>
    <description_item>
<text>Gérer des temps et des modalités de travail différenciés, en présentiel et/ou à distance pour prendre en compte la diversité des élèves, des étudiants, des stagiaires.</text>
</description_item>
    <type_item>0</type_item>
    <poids_item>1</poids_item>
    <empreinte_item>1</empreinte_item>
    <num_item>3</num_item>
   </item>

   <item>
    <code>B.3-4</code>
    <description_item>
<text>Utiliser les Tice pour accompagner, tutorer des élèves, des étudiants, des stagiaires dans la réalisation de leurs travaux, leurs projets, leurs recherches.</text>
</description_item>
    <type_item>0</type_item>
    <poids_item>1</poids_item>
    <empreinte_item>1</empreinte_item>
    <num_item>4</num_item>
   </item>

   <item>
    <code>B.3-5</code>
    <description_item>
<text>Anticiper un incident technique ou savoir y faire face.</text>
</description_item>
    <type_item>0</type_item>
    <poids_item>1</poids_item>
    <empreinte_item>1</empreinte_item>
    <num_item>5</num_item>
   </item>

  </competence>

  <competence>
   <code_competence>B.4</code_competence>
   <description_competence>
<text>Compétences d'évaluation</text>
</description_competence>
   <type_competence>0</type_competence>
   <seuil_competence>0.0</seuil_competence>
   <minima_competence>1</minima_competence>
   <num_competence>4</num_competence>
   <nb_item_competences>4</nb_item_competences>

   <item>
    <code>B.4-1</code>
    <description_item>
<text>Identifier les compétences des référentiels Tic (B2i®, C2i®) mises en œuvre dans une situation de formation proposée aux élèves, aux étudiants, aux stagiaires.</text>
</description_item>
    <type_item>0</type_item>
    <poids_item>1</poids_item>
    <empreinte_item>1</empreinte_item>
    <num_item>1</num_item>
   </item>

   <item>
    <code>B.4-2</code>
    <description_item>
<text>S'intégrer dans une démarche collective d'évaluation des compétences Tic (B2i ® ou C2i ®).</text>
</description_item>
    <type_item>0</type_item>
    <poids_item>1</poids_item>
    <empreinte_item>1</empreinte_item>
    <num_item>2</num_item>
   </item>

   <item>
    <code>B.4-3</code>
    <description_item>
<text>Utiliser des outils d'évaluation et de suivi pédagogique.</text>
</description_item>
    <type_item>0</type_item>
    <poids_item>1</poids_item>
    <empreinte_item>1</empreinte_item>
    <num_item>3</num_item>
   </item>

  </competence>

 </domaine>


</referentiel>

